point_id,traj,lon,lat
c1_001,1,-90.092293,21.134868621826172
c1_002,1,-90.057262,21.116815
c1_003,1,-90.097413,21.129209518432617
c1_004,1,-90.051873,21.142684
c1_005,1,-90.116815,21.0882511138916
c1_006,1,-90.066694,21.0987606048584
c1_007,1,-89.974805,21.120318
c1_008,1,-89.979925,21.132444381713867
c1_009,1,-89.988278,21.157773971557617
c1_010,1,-90.062921,21.101186
c1_011,1,-90.004177,21.130558013916016
c1_012,1,-90.070197,21.140798
c1_013,1,-89.989086,21.127055
c1_014,1,-90.05834197998047,21.147265
c1_015,1,-90.073969,21.147265
c1_016,1,-89.955672,21.141876220703125
c1_017,1,-89.95162963867188,21.132444381713867
c1_018,1,-90.08124542236328,21.135408401489258
c1_019,1,-90.112234,21.128671646118164
c1_020,1,-89.977499,21.129480361938477
c1_021,1,-90.07855224609375,21.141337
c1_022,1,-90.075317,21.103341
c1_023,1,-90.067502,21.106845
c1_024,1,-89.947319,21.188493728637695
c1_025,1,-90.09876251220703,21.119779
c1_026,1,-89.945702,21.14322280883789
c1_027,1,-90.054837,21.112503051757812
c1_028,1,-90.010105,21.151576
c1_029,1,-90.113042,21.085018157958984
c1_030,1,-90.110348,21.111964
c2_001,2,-89.941929,21.138911
c2_002,2,-90.100647,21.146995
c2_003,2,-90.111964,21.138642
c2_004,2,-90.118971,21.110347747802734
c2_005,2,-90.117084,21.092023849487305
c2_006,2,-90.070466,21.094718
c2_007,2,-89.99231719970703,21.149690628051758
c2_008,2,-90.042172,21.114389419555664
c2_009,2,-90.117893,21.135947
c2_010,2,-90.006871,21.131097
c2_011,2,-89.946241,21.164511
c2_012,2,-90.101725,21.08043670654297
c2_013,2,-90.00768280029297,21.128133
c2_014,2,-90.097413,21.149959564208984
c2_015,2,-90.052412,21.098222
c2_016,2,-89.955672,21.166936
c2_017,2,-89.985853,21.152385
c2_018,2,-90.039477,21.152654
c2_019,2,-90.120049,21.121396
c2_020,2,-90.051334,21.10765266418457
c2_021,2,-90.070197,21.091215133666992
c2_022,2,-90.094988,21.123282
c2_023,2,-89.966182,21.124359130859375
c2_024,2,-90.085287,21.123552322387695
c2_025,2,-90.074239,21.092832
c2_026,2,-90.101455,21.144301
c2_027,2,-89.997979,21.154002
c2_028,2,-89.968607,21.116275787353516
c2_029,2,-89.975344,21.13729476928711
c2_030,2,-90.025195,21.116544723510742
c10_001,3,-89.95405578613281,21.163972
c10_002,3,-90.03301239013672,21.158044
c10_003,3,-90.032741,21.159122467041016
c10_004,3,-90.028968,21.158313
c10_005,3,-90.030585,21.158044
c3_001,3,-90.072083,21.088790893554688
c3_002,3,-89.995823,21.13837242126465
c3_003,3,-89.995284,21.139720916748047
c3_004,3,-90.046214,21.096874237060547
c3_005,3,-90.031124,21.124629
c3_006,3,-89.973188,21.15966033935547
c3_007,3,-89.964834,21.14322280883789
c3_008,3,-89.951091,21.200081
c3_009,3,-89.986931,21.149959564208984
c3_010,3,-89.973188,21.186607360839844
c3_011,3,-90.008758,21.113311767578125
c3_012,3,-90.000135,21.130826950073242
c3_013,3,-89.951361,21.199003219604492
c3_014,3,-89.945702,21.20331382751465
c3_015,3,-90.011722,21.112503051757812
c3_016,3,-89.949205,21.20115852355957
c3_017,3,-89.980733,21.145648
c3_018,3,-90.1038818359375,21.086095
c3_019,3,-89.958906,21.12489891052246
c3_020,3,-89.986392,21.159391403198242
c3_021,3,-89.950013,21.19927215576172
c3_022,3,-90.041364,21.099029541015625
c3_023,3,-90.00040435791016,21.138642
c3_024,3,-90.088521,21.146726
c3_025,3,-89.943007,21.170978
c3_026,3,-90.014417,21.114659
c3_027,3,-90.016572,21.116006
c3_028,3,-89.982619,21.180679
c3_029,3,-90.08555603027344,21.149690628051758
c3_030,3,-90.104958,21.09660530090332
c4_001,4,-89.957828,21.178254
c4_002,4,-89.963217,21.190109252929688
c4_003,4,-89.950822,21.1922664642334
c4_004,4,-89.992859,21.172864
c4_005,4,-89.940313,21.199811
c4_006,4,-89.939774,21.204662322998047
c4_007,4,-90.070736,21.130288
c4_008,4,-89.998518,21.119239807128906
c4_009,4,-90.035705,21.144301
c4_010,4,-90.029776,21.160737991333008
c4_011,4,-90.036244,21.152114868164062
c4_012,4,-90.106306,21.113851
c4_013,4,-89.943007,21.202506
c4_014,4,-89.956481,21.189302444458008
c4_015,4,-90.1038818359375,21.116006
c4_016,4,-89.943277,21.199542
c4_017,4,-90.07369995117188,21.133522033691406
c4_018,4,-89.996632,21.15022850036621
c4_019,4,-90.022501,21.156966
c4_020,4,-89.981811,21.164511
c4_021,4,-90.001482,21.169092178344727
c4_022,4,-89.99259185791016,21.120318
c4_023,4,-89.955133,21.188493728637695
c4_024,4,-89.966182,21.181218
c4_025,4,-89.952439,21.1922664642334
c4_026,4,-90.034357,21.160199
c4_027,4,-89.966451,21.182565
c4_028,4,-89.958636,21.177175521850586
c4_029,4,-90.074778,21.130826950073242
c4_030,4,-89.976421,21.170978
c5_001,5,-90.044328,21.155349
c5_002,5,-90.066424,21.152114868164062
c5_003,5,-89.978038,21.180139541625977
c5_004,5,-90.039477,21.155618
c5_005,5,-90.011722,21.165858
c5_006,5,-90.006063,21.155078887939453
c5_007,5,-90.08124542236328,21.149421
c5_008,5,-90.057262,21.155349
c5_009,5,-90.039477,21.156966
c5_010,5,-90.032202,21.159391403198242
c5_011,5,-90.064538,21.154541015625
c5_012,5,-89.996093,21.155349
c5_013,5,-89.998248,21.172326
c5_014,5,-90.042711,21.155618
c5_015,5,-90.061304,21.156156539916992
c5_016,5,-90.036783,21.156966
c5_017,5,-90.036513,21.154271
c5_018,5,-90.02816009521484,21.156696319580078
c5_019,5,-90.037321,21.158313
c5_020,5,-90.002829,21.15642738342285
c5_021,5,-90.062921,21.154541015625
c5_022,5,-90.004985,21.156696319580078
c5_023,5,-90.031932,21.158044
c5_024,5,-89.988009,21.162355422973633
c5_025,5,-90.074778,21.151845932006836
c5_026,5,-89.996632,21.160737991333008
c5_027,5,-90.037052,21.159929275512695
c5_028,5,-90.03813171386719,21.155349
c5_029,5,-90.035166,21.156156539916992
c5_030,5,-90.030585,21.15750503540039
